Version,Processes,Time,Speedup,Efficiency,WordImbalance,TimeImbalance
TF-IDF Static,4,0.973448,3.9131,0.9783,1.0233,1.0656
TF-IDF Balanced,4,0.916161,4.1578,1.0394,1.0001,1.0282
TF-IDF Static,8,0.801135,4.7547,0.5943,1.0286,1.1519
TF-IDF Balanced,8,0.795925,4.7859,0.5982,1.0009,1.2004
